victim,s_negative_ratio,s_nnz,s_density,s_min,s_max,b_negative_ratio,b_positive_ratio,b_nnz,b_norm,b_max,q_nnz,q_density,q_negative_ratio,K,semantic_leakage,used_unit_fallback
109,0.0,271,0.18911373615264893,0.0,0.25014156103134155,0.1765526831150055,0.0,253,0.012936200015246868,0.0,20,0.013956733979284763,0.0,40,0.012156006880104542,0
88,0.0,335,0.2337752878665924,0.0,0.25046446919441223,0.2233077436685562,0.0,320,0.010737624019384384,0.0,20,0.013956733979284763,0.0,40,0.012156006880104542,0
1072,0.0,287,0.2002791315317154,0.0,0.24994955956935883,0.18771806359291077,0.0,269,0.010437539778649807,0.0,20,0.013956733979284763,0.0,40,0.012156006880104542,0
1013,0.0,295,0.20586182177066803,0.0,0.2502346634864807,0.19539427757263184,0.0,280,0.010920417495071888,0.0,20,0.013956733979284763,0.0,40,0.012156006880104542,0
1224,0.0,256,0.17864619195461273,0.0,0.24994955956935883,0.1660851389169693,0.0,238,0.012765660881996155,0.0,20,0.013956733979284763,0.0,40,0.012156006880104542,0
1131,0.0,201,0.14026516675949097,0.0,0.24994955956935883,0.12770411372184753,0.0,183,0.01384635828435421,0.0,20,0.013956733979284763,0.0,40,0.012156006880104542,0
350,0.0,202,0.14096301794052124,0.0,0.24994955956935883,0.12770411372184753,0.0,183,0.018281081691384315,0.0,20,0.013956733979284763,0.0,40,0.012156006880104542,0
2367,0.0,137,0.09560362249612808,0.0,0.24994955956935883,0.0816468894481659,0.0,117,0.020521139726042747,0.0,20,0.013956733979284763,0.0,40,0.012156006880104542,0
2394,0.0,174,0.12142358720302582,0.0,0.24994955956935883,0.10746684670448303,0.0,154,0.019087743014097214,0.0,20,0.013956733979284763,0.0,40,0.012156006880104542,0
1505,0.0,180,0.1256106048822403,0.0,0.24994955956935883,0.11304954439401627,0.0,162,0.01739712990820408,0.0,20,0.013956733979284763,0.0,40,0.012156006880104542,0
