variant,strategy,K,semantic_quantile,prevalence_min,semantic_leakage,victim,b_norm,q_norm,b_q_norm_ratio,total_payload_cos,total_payload_norm_ratio,b_nnz,q_nnz,exact_total_nnz,exact_payload_nnz,excess_support,support_reduction,b_negative_ratio,b_positive_ratio
current_dense_q,current,,,,5.429400857792643e-07,109,0.012936191633343697,0.44631537795066833,0.028984418138861656,0.9995843768119812,1.00259268283844,253,1432,1432,1432,1179,0.0,0.1765526831150055,0.0
current_dense_q,current,,,,5.429400857792643e-07,88,0.01073762308806181,0.44631537795066833,0.024058375507593155,0.9997116327285767,1.0012143850326538,320,1432,1432,1432,1112,0.0,0.2233077436685562,0.0
current_dense_q,current,,,,5.429400857792643e-07,1072,0.010437545366585255,0.44631537795066833,0.02338603138923645,0.9997272491455078,1.0009934902191162,269,1432,1432,1432,1163,0.0,0.18771806359291077,0.0
current_dense_q,current,,,,5.429400857792643e-07,1013,0.010920419357717037,0.44631537795066833,0.024467943236231804,0.999700665473938,0.9997891783714294,280,1432,1432,1432,1152,0.0,0.19539427757263184,0.0
current_dense_q,current,,,,5.429400857792643e-07,1224,0.012765662744641304,0.44631537795066833,0.02860233746469021,0.9995921850204468,1.0012131929397583,238,1432,1432,1432,1194,0.0,0.1660851389169693,0.0
current_dense_q,current,,,,5.429400857792643e-07,1131,0.01384635828435421,0.44631537795066833,0.03102370910346508,0.9995207786560059,1.0015664100646973,183,1432,1432,1432,1249,0.0,0.12770411372184753,0.0
current_dense_q,current,,,,5.429400857792643e-07,350,0.01828106865286827,0.44631537795066833,0.040959980338811874,0.999191403388977,1.0070236921310425,183,1432,1432,1432,1249,0.0,0.12770411372184753,0.0
current_dense_q,current,,,,5.429400857792643e-07,2367,0.0205211378633976,0.44631537795066833,0.045979008078575134,0.9989445805549622,1.001025676727295,117,1432,1432,1432,1315,0.0,0.0816468894481659,0.0
current_dense_q,current,,,,5.429400857792643e-07,2394,0.019087746739387512,0.44631537795066833,0.042767398059368134,0.9991251826286316,1.0080828666687012,154,1432,1432,1432,1278,0.0,0.10746684670448303,0.0
current_dense_q,current,,,,5.429400857792643e-07,1505,0.01739712990820408,0.44631537795066833,0.03897945582866669,0.9992431402206421,1.0017743110656738,162,1432,1432,1432,1270,0.0,0.11304954439401627,0.0
baseline_probe_K5,semantic_filter_prevalence_rank,5,0.3,0.0,0.010341180488467216,109,0.012936191633343697,0.44631537795066833,0.028984418138861656,0.9995799660682678,1.0000025033950806,253,2,254,2,1,0.9921259842519685,0.1765526831150055,0.0
baseline_probe_K5,semantic_filter_prevalence_rank,5,0.3,0.0,0.010341180488467216,88,0.01073762308806181,0.44631537795066833,0.024058375507593155,0.9997105598449707,0.9991691708564758,320,2,321,2,1,0.9937694704049844,0.2233077436685562,0.0
baseline_probe_K5,semantic_filter_prevalence_rank,5,0.3,0.0,0.010341180488467216,1072,0.010437545366585255,0.44631537795066833,0.02338603138923645,0.9997266530990601,1.0002734661102295,269,2,271,2,2,0.992619926199262,0.18771806359291077,0.0
baseline_probe_K5,semantic_filter_prevalence_rank,5,0.3,0.0,0.010341180488467216,1013,0.010920419357717037,0.44631537795066833,0.024467943236231804,0.9997006058692932,0.9996792078018188,280,2,281,2,1,0.9928825622775801,0.19539427757263184,0.0
baseline_probe_K5,semantic_filter_prevalence_rank,5,0.3,0.0,0.010341180488467216,1224,0.012765662744641304,0.44631537795066833,0.02860233746469021,0.9995911121368408,1.0004090070724487,238,2,240,2,2,0.9916666666666667,0.1660851389169693,0.0
baseline_probe_K5,semantic_filter_prevalence_rank,5,0.3,0.0,0.010341180488467216,1131,0.01384635828435421,0.44631537795066833,0.03102370910346508,0.9995191693305969,1.000481128692627,183,2,185,2,2,0.9891891891891892,0.12770411372184753,0.0
baseline_probe_K5,semantic_filter_prevalence_rank,5,0.3,0.0,0.010341180488467216,350,0.01828106865286827,0.44631537795066833,0.040959980338811874,0.9991621971130371,1.0008385181427002,183,2,185,2,2,0.9891891891891892,0.12770411372184753,0.0
baseline_probe_K5,semantic_filter_prevalence_rank,5,0.3,0.0,0.010341180488467216,2367,0.0205211378633976,0.44631537795066833,0.045979008078575134,0.9989445805549622,1.0010565519332886,117,2,119,2,2,0.9831932773109243,0.0816468894481659,0.0
baseline_probe_K5,semantic_filter_prevalence_rank,5,0.3,0.0,0.010341180488467216,2394,0.019087746739387512,0.44631537795066833,0.042767398059368134,0.9990866780281067,1.0009140968322754,154,2,156,2,2,0.9871794871794872,0.10746684670448303,0.0
baseline_probe_K5,semantic_filter_prevalence_rank,5,0.3,0.0,0.010341180488467216,1505,0.01739712990820408,0.44631537795066833,0.03897945582866669,0.9992411732673645,1.0007593631744385,162,2,164,2,2,0.9878048780487805,0.11304954439401627,0.0
baseline_probe_K10,semantic_filter_prevalence_rank,10,0.3,0.0,0.010106230154633522,109,0.012936191633343697,0.44631534814834595,0.028984420001506805,0.999579906463623,1.0000032186508179,253,6,257,6,4,0.9766536964980544,0.1765526831150055,0.0
baseline_probe_K10,semantic_filter_prevalence_rank,10,0.3,0.0,0.010106230154633522,88,0.01073762308806181,0.44631534814834595,0.024058377370238304,0.9997106790542603,0.999164342880249,320,6,323,6,3,0.9814241486068112,0.2233077436685562,0.0
baseline_probe_K10,semantic_filter_prevalence_rank,10,0.3,0.0,0.010106230154633522,1072,0.010437545366585255,0.44631534814834595,0.0233860332518816,0.9997266530990601,1.000252366065979,269,6,274,6,5,0.9781021897810219,0.18771806359291077,0.0
baseline_probe_K10,semantic_filter_prevalence_rank,10,0.3,0.0,0.010106230154633522,1013,0.010920419357717037,0.44631534814834595,0.024467945098876953,0.999700665473938,0.9993845820426941,280,6,283,6,3,0.9787985865724381,0.19539427757263184,0.0
baseline_probe_K10,semantic_filter_prevalence_rank,10,0.3,0.0,0.010106230154633522,1224,0.012765662744641304,0.44631534814834595,0.028602339327335358,0.9995911121368408,1.0004090070724487,238,6,244,6,6,0.9754098360655737,0.1660851389169693,0.0
baseline_probe_K10,semantic_filter_prevalence_rank,10,0.3,0.0,0.010106230154633522,1131,0.01384635828435421,0.44631534814834595,0.03102371096611023,0.9995189905166626,1.0003643035888672,183,6,188,6,5,0.9680851063829787,0.12770411372184753,0.0
baseline_probe_K10,semantic_filter_prevalence_rank,10,0.3,0.0,0.010106230154633522,350,0.01828106865286827,0.44631534814834595,0.040959980338811874,0.9991621971130371,1.0008385181427002,183,6,189,6,6,0.9682539682539683,0.12770411372184753,0.0
baseline_probe_K10,semantic_filter_prevalence_rank,10,0.3,0.0,0.010106230154633522,2367,0.0205211378633976,0.44631534814834595,0.04597901180386543,0.9989445209503174,1.0010565519332886,117,6,123,6,6,0.9512195121951219,0.0816468894481659,0.0
baseline_probe_K10,semantic_filter_prevalence_rank,10,0.3,0.0,0.010106230154633522,2394,0.019087746739387512,0.44631534814834595,0.042767398059368134,0.9990867972373962,1.0009140968322754,154,6,160,6,6,0.9625,0.10746684670448303,0.0
baseline_probe_K10,semantic_filter_prevalence_rank,10,0.3,0.0,0.010106230154633522,1505,0.01739712990820408,0.44631534814834595,0.03897945582866669,0.9992409944534302,1.0005935430526733,162,6,167,6,5,0.9640718562874252,0.11304954439401627,0.0
baseline_probe_K20,semantic_filter_prevalence_rank,20,0.3,0.0,0.012655360624194145,109,0.012936191633343697,0.44631537795066833,0.028984418138861656,0.999579906463623,1.000111699104309,253,11,262,11,9,0.9580152671755725,0.1765526831150055,0.0
baseline_probe_K20,semantic_filter_prevalence_rank,20,0.3,0.0,0.012655360624194145,88,0.01073762308806181,0.44631537795066833,0.024058375507593155,0.9997105598449707,0.9993289113044739,320,11,327,11,7,0.9663608562691132,0.2233077436685562,0.0
baseline_probe_K20,semantic_filter_prevalence_rank,20,0.3,0.0,0.012655360624194145,1072,0.010437545366585255,0.44631537795066833,0.02338603138923645,0.9997267127037048,1.0002578496932983,269,11,279,11,10,0.9605734767025089,0.18771806359291077,0.0
baseline_probe_K20,semantic_filter_prevalence_rank,20,0.3,0.0,0.012655360624194145,1013,0.010920419357717037,0.44631537795066833,0.024467943236231804,0.9997006058692932,0.9995573163032532,280,11,287,11,7,0.9616724738675958,0.19539427757263184,0.0
baseline_probe_K20,semantic_filter_prevalence_rank,20,0.3,0.0,0.012655360624194145,1224,0.012765662744641304,0.44631537795066833,0.02860233746469021,0.9995912909507751,1.0004088878631592,238,11,249,11,11,0.9558232931726908,0.1660851389169693,0.0
baseline_probe_K20,semantic_filter_prevalence_rank,20,0.3,0.0,0.012655360624194145,1131,0.01384635828435421,0.44631537795066833,0.03102370910346508,0.9995191097259521,1.000394582748413,183,11,193,11,10,0.9430051813471503,0.12770411372184753,0.0
baseline_probe_K20,semantic_filter_prevalence_rank,20,0.3,0.0,0.012655360624194145,350,0.01828106865286827,0.44631537795066833,0.040959980338811874,0.9991616010665894,1.0003695487976074,183,11,193,11,10,0.9430051813471503,0.12770411372184753,0.0
baseline_probe_K20,semantic_filter_prevalence_rank,20,0.3,0.0,0.012655360624194145,2367,0.0205211378633976,0.44631537795066833,0.045979008078575134,0.9989446401596069,1.001056432723999,117,11,128,11,11,0.9140625,0.0816468894481659,0.0
baseline_probe_K20,semantic_filter_prevalence_rank,20,0.3,0.0,0.012655360624194145,2394,0.019087746739387512,0.44631537795066833,0.042767398059368134,0.9990867376327515,1.0009140968322754,154,11,165,11,11,0.9333333333333333,0.10746684670448303,0.0
baseline_probe_K20,semantic_filter_prevalence_rank,20,0.3,0.0,0.012655360624194145,1505,0.01739712990820408,0.44631537795066833,0.03897945582866669,0.9992407560348511,1.0004189014434814,162,11,171,11,9,0.935672514619883,0.11304954439401627,0.0
